driverId,name,ssn,location,certified,wage-plan
10,Amanda Cole,195-92-7017,"74771 Diamond Ridge
Michaelbury, TN 82658",N,miles
11,Mrs. Cathy Higgins,788-07-2703,"3606 Wright Extension Apt. 166
Anthonychester, WV 71809",N,miles
12,Dr. Christopher Golden,166-55-5872,"473 Jenna Gateway Apt. 817
Loriville, CT 86402",Y,miles
13,Stephen Mejia,245-61-5812,"843 Douglas Loaf Suite 733
Port Anthonyfurt, VT 30195",Y,miles
14,William Bird,789-34-1355,"73859 David Drive
Port Jesse, MP 09275",N,miles
15,Sandra Mckinney,370-97-8531,"571 Walter Curve Suite 758
Lake Tracyfurt, KS 15399",Y,miles
16,Zachary Fields DDS,530-22-7040,"438 Carlson Court
New Melanieburgh, MD 89646",N,miles
17,Nancy Underwood,672-34-0511,"8197 Ray Cape Apt. 524
Lake Bruce, WV 35429",Y,miles
18,Jason Young,791-84-0159,"7947 Allison Ramp
Melindaland, SC 01585",Y,miles
19,Jenna Hill,022-50-0413,"31253 Dawn Ridges
Jessicaview, HI 43891",Y,miles
20,Amanda Thompson,181-24-0246,"128 Cowan Lodge
Sarahside, FL 66129",N,miles
21,Linda Campbell,254-67-5909,"2239 Stacy Locks Suite 983
North Andrea, SC 49250",Y,miles
22,John Smith,416-70-3190,"458 Bradley Pass Suite 817
New Jenniferside, NH 65545",Y,hours
23,Michael Arnold,006-18-4860,"623 Barrett Forge
Lake Jesse, KS 46645",Y,miles
24,Diana Thomas DDS,583-18-2836,"63211 Crawford Mountains
Shepherdfurt, ME 57113",Y,hours
25,Julie Valdez,445-84-4680,"Unit 3859 Box 8362
DPO AE 83787",Y,miles
26,Laura Watson,768-91-1081,"803 House Avenue Suite 182
Sextonport, KS 50470",N,hours
27,Katie Turner,184-46-0101,"7808 Gabriella Summit
Johnsonbury, GA 43630",N,miles
28,Angel Murillo,353-25-3690,"7189 Cheryl Lodge Suite 176
Lake Antonioside, GU 58943",N,miles
29,Mr. John Wilson,017-47-9757,"8705 Anderson Square Apt. 805
Hortonburgh, FM 84855",Y,hours
30,Joseph Nelson,115-07-1407,"3149 Johnson Burg
Lake Andrew, KS 30897",Y,hours
31,Ryan Wilson,326-48-2375,"3041 Nguyen Stravenue
Jennifermouth, MH 04064",Y,miles
32,Teresa Baker,329-61-1078,"8791 Hardy Ports Suite 875
Berryburgh, OR 24838",Y,hours
33,Brooke Fletcher,315-60-0109,"683 Bush Well
Amystad, DC 45756",Y,miles
34,Anthony Olson,840-40-4718,"216 Allen Dale Suite 384
Lanceton, WV 45878",Y,hours
35,Bethany Ramirez,368-20-8245,"842 Derrick Ferry
Kyleshire, WV 29768",N,hours
36,Michael Barker,609-35-3244,"122 Freeman Gardens Suite 853
Harveyland, SD 28093",Y,miles
37,John Hughes,700-12-7974,"50189 May Springs Apt. 839
Andreaburgh, IL 20265",Y,hours
38,Jacqueline Mccarty,251-30-8897,"7985 Potter Wells
Lake Nicholas, MT 93478",Y,miles
39,Pamela Watkins,113-57-0622,"835 Kenneth Parks Suite 600
East Roberthaven, TN 87412",N,hours
40,Samantha Ortiz,335-20-3554,"40658 Vicki Camp Suite 819
Andersonchester, MS 13061",Y,miles
41,Vanessa Walton,899-53-0709,"348 Sandra Fords
Haleymouth, AZ 29505",N,hours
42,Jessica Shaffer,895-08-9365,"10086 Marshall Port
New Tracyfort, MN 86788",Y,miles
43,Misty Weaver,043-30-6768,"3994 Eddie Spurs Apt. 908
Jennifermouth, WY 65880",N,hours
44,Sarah Perez,474-21-5496,"98837 Lane Mountain
Deanhaven, NY 28673",N,miles
45,Allison Harrington,428-45-6716,"3083 Clifford Wells Apt. 195
Espinozamouth, VA 97872",Y,hours
46,Heidi Watson,090-90-2045,"9811 Chang Mills
East Samantha, AK 85611",N,hours
47,Thomas Nguyen,044-14-1210,"9312 Alec Square Apt. 734
Danielshire, SC 45603",Y,hours
48,Joseph Strickland,231-40-5746,"7201 Steven Radial
South Chelseaton, MA 30913",N,miles
49,Renee Washington,827-49-4087,"4213 Emma Highway
Port Tinabury, LA 33186",Y,miles
50,Lisa Buchanan,502-97-9089,"336 Breanna Road
Kennedyville, FM 53996",Y,miles
51,Shawn Warner,214-81-7719,"03274 Nancy Station Suite 248
New Jessicafort, VI 19872",Y,hours
52,Melissa Jones,367-35-0839,"75085 Ward Avenue Suite 361
North Jesseside, WY 73493",N,hours
53,Nicole Hall,341-42-0779,"5652 Nathaniel Skyway Apt. 642
Weberton, AK 97332",N,hours
54,Janice Fuentes,377-91-1209,"737 Hunter Curve
Bowenbury, NV 77579",Y,hours
55,Janet Figueroa,568-64-0892,"18454 Jim Oval Suite 699
Johnstonberg, CO 11805",Y,hours
56,Christine Hart,332-26-1641,"05109 Barr Views Suite 108
North Jeffrey, FM 38463",N,miles
57,Amanda Mejia,186-66-2268,"3642 Jones Junction Suite 962
West Michael, MD 48314",Y,hours
58,Douglas Aguirre,082-47-8227,"USCGC Buck
FPO AP 28234",Y,miles
59,Jeffrey Mccarthy,148-43-2610,"156 Miller Terrace
Allisontown, NH 59803",Y,miles
60,Michael Davis,551-96-9969,"61295 Kirby Islands Suite 642
Cardenasport, PR 15375",Y,hours
61,Nancy Gardner,509-05-8093,"5107 Rachel Center Apt. 235
Robertsberg, GU 78723",N,miles
62,Michael Murray,350-16-0501,"599 Alicia Lane
Gonzalesfurt, VA 96971",Y,hours
63,Carol West,772-80-0589,"7597 Obrien Court Apt. 427
New Michael, OH 72621",N,miles
64,Mary Foster,689-67-8137,"804 Harry Stravenue Suite 096
Greenberg, FL 10113",N,miles
65,Lisa Walters,304-73-3476,"5964 Kristen Flat
Joycemouth, HI 97067",N,miles
66,Catherine Woodard,275-75-2461,"Unit 0502 Box 0464
DPO AP 30474",Y,miles
67,Tracey Sanders,681-86-5499,"Unit 0945 Box 1303
DPO AA 67268",Y,hours
68,Diana Johnson,247-37-5513,"35404 Wilson Park Suite 660
West Garyfurt, AK 20657",Y,hours
69,Michael Walters,324-61-8961,"Unit 1093 Box 4556
DPO AP 35404",N,miles
70,Cassandra Cole,773-87-7644,"2160 Williams Burg
Walkerchester, PW 46911",N,miles
71,Mariah Pierce,356-92-5805,"USNS Smith
FPO AE 09310",Y,miles
72,Shawn Daniel,602-24-1035,"Unit 4345 Box 1613
DPO AE 54213",Y,hours
73,Carmen Young,535-47-7693,"566 Melissa Lakes
Port Deanna, CO 95824",N,miles
74,Kathy Stewart,718-79-3717,"PSC 4284, Box 9538
APO AP 34152",N,miles
75,Casey Byrd,626-76-1454,"4513 Oliver Corners Suite 666
Lake Colin, TN 61335",Y,miles
76,Natalie Fisher,706-56-0342,"990 Benjamin Village Apt. 436
Lake Maryview, NE 87879",Y,miles
77,Tiffany Stewart,281-72-6356,"052 Debbie Common Suite 724
Carlosberg, MA 72943",N,hours
78,Paul Owens,462-44-7035,"5601 Paul Cove
Lake Juliefort, UT 20705",Y,hours
79,Kelly Mcintyre,352-65-5124,"7013 George Course
East Stephanie, PR 95108",N,miles
80,Jeffrey Suarez,028-18-8454,"39487 Marie Rapid Apt. 821
Gonzalezport, MT 23828",N,hours
81,Adrienne Burke,211-42-1124,"088 Jennifer Gateway
Brownchester, NY 52733",Y,hours
82,Roger Lamb,824-75-9428,"16183 Barry Brooks
Webbstad, HI 85164",Y,miles
83,Ryan Hebert,244-37-0979,"PSC 6110, Box 3472
APO AE 78751",Y,hours
84,Holly Murphy,285-24-9624,"130 Velazquez Roads Apt. 337
Justinville, AR 47529",Y,miles
85,Patricia Warren,360-32-4330,"483 Oliver Station
Jeffreyshire, GU 64178",Y,hours
86,Jeffery Nguyen,329-33-6157,"696 Boone Path
Murphymouth, NY 52718",N,hours
87,Margaret Reeves,761-35-2691,"60294 Jones Roads
North James, KY 60427",Y,miles
88,Brian Davis,220-55-5010,"36232 Bridges Harbors Suite 133
Lake Sara, PA 54652",Y,miles
89,Shannon Edwards,660-14-2506,"5069 Haley Parkway Apt. 859
Mccallfurt, RI 64696",Y,miles
90,Taylor Travis,314-76-5635,"USNS Johnson
FPO AA 24735",N,miles
91,Margaret Vaughan,866-09-1307,"650 Brenda Glen Suite 473
Phillipsmouth, PA 41604",N,miles
92,Susan Hill,266-92-4572,"675 Shaun Orchard
Taylorside, TX 85443",N,hours
93,Tanya Smith,031-67-7847,"PSC 0847, Box 1783
APO AA 94780",Y,hours
94,Lisa Chung,367-28-7349,"7634 Gilmore Spur Suite 588
Danielchester, ID 57340",N,miles
95,Rebekah Horn,068-94-6876,"346 Henderson Cove Suite 420
South Christineside, TX 88586",N,hours
96,Allison Joseph,676-08-5971,"063 Brandt Field Suite 675
Port Susanhaven, MA 38874",N,miles
97,Tracy Owens,757-33-1058,"70585 Brown Radial Apt. 934
Edwinmouth, CT 20316",Y,hours
98,Laura Gomez,347-49-8115,"USS Miller
FPO AE 25824",Y,hours
99,Debbie Flynn,240-89-6838,"965 Huerta Pine
Lake Allisonville, CO 45633",Y,miles
100,David Powell,801-97-8195,"62587 Taylor Meadow Suite 891
Tanyafurt, MP 37978",Y,hours
101,Adam Dixon,386-22-2021,"8220 Cameron Mews
Adamport, NH 46564",Y,hours
102,Lisa Thompson,210-22-4697,"32608 Victoria Orchard Suite 650
North Allenton, CA 55022",Y,miles
103,Christopher Wilson,072-51-2640,"718 Kenneth Avenue Apt. 852
Patriciaton, RI 57579",N,hours
104,Danielle Johnston,636-74-4085,"883 Clayton Hill Suite 519
Lake Joseside, MD 14386",Y,miles
105,Craig Allen,348-95-2300,"53054 Madden Stream Suite 653
Lake Michaelside, TN 63703",Y,miles
106,Miss Hannah Miller MD,515-11-4999,"43691 Gregory Mountain Apt. 579
West Michael, IN 92380",N,miles
107,Douglas Payne,149-35-4069,"662 Katherine Lights Suite 589
Larsonberg, NY 34647",N,hours
108,James Ward,798-98-8432,"1352 Lisa Station Suite 538
East Michelle, CO 22521",N,miles
109,Michael Moore,641-56-0566,"9319 Jones Harbors
West Timothybury, RI 33667",N,miles
